{
	"fetched": 5,
	"records": [
		{
			"attributes": {
				"type": "etcJSON__c",
				"url": "/services/data/v57.0/sobjects/etcJSON__c/a03010000038D1qAAE"
			},
			"ETC_Test__c": "a0601000002ae6eAAA",
			"File__c": "C:\\Users\\Admin\\AppData\\Roaming\\Code\\User\\settings.json",
			"Id": "a03010000038D1qAAE",
			"Key__c": "terminal.integrated.shell.windows",
			"Path__c": ":",
			"Value__c": "C:\\Program Files\\Git\\bin\\bash.exe"
		},
		{
			"attributes": {
				"type": "etcJSON__c",
				"url": "/services/data/v57.0/sobjects/etcJSON__c/a03010000038D1rAAE"
			},
			"ETC_Test__c": "a0601000002ae6jAAA",
			"File__c": "C:\\TH\\ETTrailheadTester\\resources\\app\\src\\LWC4ELECTRON\\resources\\data\\config.json",
			"Id": "a03010000038D1rAAE",
			"Key__c": "version",
			"Path__c": ":",
			"Value__c": "2019-12-11V01"
		},
		{
			"attributes": {
				"type": "etcJSON__c",
				"url": "/services/data/v57.0/sobjects/etcJSON__c/a03010000038D1sAAE"
			},
			"ETC_Test__c": "a0601000002ae6eAAA",
			"File__c": "C:\\Users\\Admin\\AppData\\Roaming\\Code\\User\\settings.json",
			"Id": "a03010000038D1sAAE",
			"Key__c": "salesforcedx-vscode-apex.java.home",
			"Path__c": ":",
			"Value__c": "C:\\Program Files\\java\\jdk1.8.0_162"
		},
		{
			"attributes": {
				"type": "etcJSON__c",
				"url": "/services/data/v57.0/sobjects/etcJSON__c/a03010000038D1tAAE"
			},
			"ETC_Test__c": "a0601000002ae6jAAA",
			"File__c": "C:\\TH\\ETTrailheadTester\\resources\\app\\src\\LWC4ELECTRON\\resources\\data\\config.json",
			"Id": "a03010000038D1tAAE",
			"Key__c": "pingServer",
			"Path__c": "pages",
			"Value__c": "https://et-epl-stage.herokuapp.com"
		},
		{
			"attributes": {
				"type": "etcJSON__c",
				"url": "/services/data/v57.0/sobjects/etcJSON__c/a03010000038D1uAAE"
			},
			"ETC_Test__c": "a0601000002ae6jAAA",
			"File__c": "C:\\TH\\ETTrailheadTester\\resources\\app\\src\\LWC4ELECTRON\\resources\\data\\config.json",
			"Id": "a03010000038D1uAAE",
			"Key__c": "production",
			"Path__c": "pages:servers",
			"Value__c": "https://et-epl.herokuapp.com"
		}
	],
	"total": 5
}