{
	"fetched": 5,
	"records": [
		{
			"attributes": {
				"type": "etcJSON__c",
				"url": "/services/data/v57.0/sobjects/etcJSON__c/a038N000001BKrFQAW"
			},
			"ETC_Test__c": "a068N000000acD5QAI",
			"File__c": "C:\\Users\\Admin\\AppData\\Roaming\\Code\\User\\settings.json",
			"Id": "a038N000001BKrFQAW",
			"Key__c": "terminal.integrated.shell.windows",
			"Path__c": ":",
			"Value__c": "C:\\Program Files\\Git\\bin\\bash.exe"
		},
		{
			"attributes": {
				"type": "etcJSON__c",
				"url": "/services/data/v57.0/sobjects/etcJSON__c/a038N000001BKrGQAW"
			},
			"ETC_Test__c": "a068N000000acDVQAY",
			"File__c": "C:\\TH\\ETTrailheadTester\\resources\\app\\src\\LWC4ELECTRON\\resources\\data\\config.json",
			"Id": "a038N000001BKrGQAW",
			"Key__c": "version",
			"Path__c": ":",
			"Value__c": "2019-12-11V01"
		},
		{
			"attributes": {
				"type": "etcJSON__c",
				"url": "/services/data/v57.0/sobjects/etcJSON__c/a038N000001BKrHQAW"
			},
			"ETC_Test__c": "a068N000000acD5QAI",
			"File__c": "C:\\Users\\Admin\\AppData\\Roaming\\Code\\User\\settings.json",
			"Id": "a038N000001BKrHQAW",
			"Key__c": "salesforcedx-vscode-apex.java.home",
			"Path__c": ":",
			"Value__c": "C:\\Program Files\\java\\jdk1.8.0_162"
		},
		{
			"attributes": {
				"type": "etcJSON__c",
				"url": "/services/data/v57.0/sobjects/etcJSON__c/a038N000001BKrIQAW"
			},
			"ETC_Test__c": "a068N000000acDVQAY",
			"File__c": "C:\\TH\\ETTrailheadTester\\resources\\app\\src\\LWC4ELECTRON\\resources\\data\\config.json",
			"Id": "a038N000001BKrIQAW",
			"Key__c": "pingServer",
			"Path__c": "pages",
			"Value__c": "https://et-epl-stage.herokuapp.com"
		},
		{
			"attributes": {
				"type": "etcJSON__c",
				"url": "/services/data/v57.0/sobjects/etcJSON__c/a038N000001BKrJQAW"
			},
			"ETC_Test__c": "a068N000000acDVQAY",
			"File__c": "C:\\TH\\ETTrailheadTester\\resources\\app\\src\\LWC4ELECTRON\\resources\\data\\config.json",
			"Id": "a038N000001BKrJQAW",
			"Key__c": "production",
			"Path__c": "pages:servers",
			"Value__c": "https://et-epl.herokuapp.com"
		}
	],
	"total": 5
}