{
	"fetched": 5,
	"records": [
		{
			"attributes": {
				"type": "etcJSON__c",
				"url": "/services/data/v57.0/sobjects/etcJSON__c/a037e000006do8fAAA"
			},
			"ETC_Test__c": "a067e00000C7PZzAAN",
			"File__c": "C:\\Users\\Admin\\AppData\\Roaming\\Code\\User\\settings.json",
			"ForceValue__c": false,
			"Id": "a037e000006do8fAAA",
			"IsActive__c": false,
			"Key__c": "terminal.integrated.shell.windows",
			"Path__c": ":",
			"Value__c": "C:\\Program Files\\Git\\bin\\bash.exe"
		},
		{
			"attributes": {
				"type": "etcJSON__c",
				"url": "/services/data/v57.0/sobjects/etcJSON__c/a037e000006do8gAAA"
			},
			"ETC_Test__c": "a067e00000C7PaQAAV",
			"File__c": "C:\\TH\\ETTrailheadTester\\resources\\app\\src\\LWC4ELECTRON\\resources\\data\\config.json",
			"ForceValue__c": false,
			"Id": "a037e000006do8gAAA",
			"IsActive__c": true,
			"Key__c": "version",
			"Path__c": ":",
			"Value__c": "2019-12-11V01"
		},
		{
			"attributes": {
				"type": "etcJSON__c",
				"url": "/services/data/v57.0/sobjects/etcJSON__c/a037e000006do8hAAA"
			},
			"ETC_Test__c": "a067e00000C7PZzAAN",
			"File__c": "C:\\Users\\Admin\\AppData\\Roaming\\Code\\User\\settings.json",
			"ForceValue__c": false,
			"Id": "a037e000006do8hAAA",
			"IsActive__c": false,
			"Key__c": "salesforcedx-vscode-apex.java.home",
			"Path__c": ":",
			"Value__c": "C:\\Program Files\\java\\jdk1.8.0_162"
		},
		{
			"attributes": {
				"type": "etcJSON__c",
				"url": "/services/data/v57.0/sobjects/etcJSON__c/a037e000006do8iAAA"
			},
			"ETC_Test__c": "a067e00000C7PaQAAV",
			"File__c": "C:\\TH\\ETTrailheadTester\\resources\\app\\src\\LWC4ELECTRON\\resources\\data\\config.json",
			"ForceValue__c": false,
			"Id": "a037e000006do8iAAA",
			"IsActive__c": true,
			"Key__c": "pingServer",
			"Path__c": "pages",
			"Value__c": "https://et-epl-stage.herokuapp.com"
		},
		{
			"attributes": {
				"type": "etcJSON__c",
				"url": "/services/data/v57.0/sobjects/etcJSON__c/a037e000006do8jAAA"
			},
			"ETC_Test__c": "a067e00000C7PaQAAV",
			"File__c": "C:\\TH\\ETTrailheadTester\\resources\\app\\src\\LWC4ELECTRON\\resources\\data\\config.json",
			"ForceValue__c": false,
			"Id": "a037e000006do8jAAA",
			"IsActive__c": true,
			"Key__c": "production",
			"Path__c": "pages:servers",
			"Value__c": "https://et-epl.herokuapp.com"
		}
	],
	"total": 5
}