{
	"fetched": 13,
	"records": [
		{
			"attributes": {
				"type": "etcTask__c",
				"url": "/services/data/v57.0/sobjects/etcTask__c/a05010000043bT7AAI"
			},
			"Code__c": "01",
			"Id": "a05010000043bT7AAI",
			"IsActive__c": true,
			"Key__c": "01",
			"Level__c": 1,
			"Name": "TASK-Level1",
			"Order__c": 1,
			"Parent__c": null
		},
		{
			"attributes": {
				"type": "etcTask__c",
				"url": "/services/data/v57.0/sobjects/etcTask__c/a05010000043bTCAAY"
			},
			"Code__c": "01-01",
			"Id": "a05010000043bTCAAY",
			"IsActive__c": true,
			"Key__c": "a05010000043bT7AAI-01",
			"Level__c": 2,
			"Name": "TASK-Level2",
			"Order__c": 1,
			"Parent__c": "a05010000043bT7AAI"
		},
		{
			"attributes": {
				"type": "etcTask__c",
				"url": "/services/data/v57.0/sobjects/etcTask__c/a05010000043bTHAAY"
			},
			"Code__c": "01-01-01",
			"Id": "a05010000043bTHAAY",
			"IsActive__c": true,
			"Key__c": "a05010000043bTCAAY-01",
			"Level__c": 3,
			"Name": "TASK-Level3",
			"Order__c": 1,
			"Parent__c": "a05010000043bTCAAY"
		},
		{
			"attributes": {
				"type": "etcTask__c",
				"url": "/services/data/v57.0/sobjects/etcTask__c/a05010000043bTMAAY"
			},
			"Code__c": "01-01-01-01",
			"Id": "a05010000043bTMAAY",
			"IsActive__c": true,
			"Key__c": "a05010000043bTHAAY-01",
			"Level__c": 4,
			"Name": "TASK-Level4",
			"Order__c": 1,
			"Parent__c": "a05010000043bTHAAY"
		},
		{
			"attributes": {
				"type": "etcTask__c",
				"url": "/services/data/v57.0/sobjects/etcTask__c/a05010000043acCAAQ"
			},
			"Code__c": "02",
			"Id": "a05010000043acCAAQ",
			"IsActive__c": true,
			"Key__c": "02",
			"Level__c": 1,
			"Name": "Clear Screen",
			"Order__c": 2,
			"Parent__c": null
		},
		{
			"attributes": {
				"type": "etcTask__c",
				"url": "/services/data/v57.0/sobjects/etcTask__c/a05010000043acEAAQ"
			},
			"Code__c": "03",
			"Id": "a05010000043acEAAQ",
			"IsActive__c": true,
			"Key__c": "03",
			"Level__c": 1,
			"Name": "Manual Tests",
			"Order__c": 3,
			"Parent__c": null
		},
		{
			"attributes": {
				"type": "etcTask__c",
				"url": "/services/data/v57.0/sobjects/etcTask__c/a05010000043acFAAQ"
			},
			"Code__c": "04",
			"Id": "a05010000043acFAAQ",
			"IsActive__c": true,
			"Key__c": "04",
			"Level__c": 1,
			"Name": "Automated Tests",
			"Order__c": 4,
			"Parent__c": null
		},
		{
			"attributes": {
				"type": "etcTask__c",
				"url": "/services/data/v57.0/sobjects/etcTask__c/a05010000043acGAAQ"
			},
			"Code__c": "04-01",
			"Id": "a05010000043acGAAQ",
			"IsActive__c": true,
			"Key__c": "a05010000043acFAAQ-01",
			"Level__c": 2,
			"Name": "SFDX Developer",
			"Order__c": 1,
			"Parent__c": "a05010000043acFAAQ"
		},
		{
			"attributes": {
				"type": "etcTask__c",
				"url": "/services/data/v57.0/sobjects/etcTask__c/a05010000043acHAAQ"
			},
			"Code__c": "04-02",
			"Id": "a05010000043acHAAQ",
			"IsActive__c": true,
			"Key__c": "a05010000043acFAAQ-02",
			"Level__c": 2,
			"Name": "Other Developments",
			"Order__c": 2,
			"Parent__c": "a05010000043acFAAQ"
		},
		{
			"attributes": {
				"type": "etcTask__c",
				"url": "/services/data/v57.0/sobjects/etcTask__c/a05010000043acIAAQ"
			},
			"Code__c": "04-03",
			"Id": "a05010000043acIAAQ",
			"IsActive__c": true,
			"Key__c": "a05010000043acFAAQ-03",
			"Level__c": 2,
			"Name": "Data files",
			"Order__c": 3,
			"Parent__c": "a05010000043acFAAQ"
		},
		{
			"attributes": {
				"type": "etcTask__c",
				"url": "/services/data/v57.0/sobjects/etcTask__c/a05010000043acJAAQ"
			},
			"Code__c": "04-04",
			"Id": "a05010000043acJAAQ",
			"IsActive__c": true,
			"Key__c": "a05010000043acFAAQ-04",
			"Level__c": 2,
			"Name": "Logout",
			"Order__c": 4,
			"Parent__c": "a05010000043acFAAQ"
		},
		{
			"attributes": {
				"type": "etcTask__c",
				"url": "/services/data/v57.0/sobjects/etcTask__c/a05010000043acKAAQ"
			},
			"Code__c": "04-05",
			"Id": "a05010000043acKAAQ",
			"IsActive__c": true,
			"Key__c": "a05010000043acFAAQ-05",
			"Level__c": 2,
			"Name": "Saleforce Fonts",
			"Order__c": 5,
			"Parent__c": "a05010000043acFAAQ"
		},
		{
			"attributes": {
				"type": "etcTask__c",
				"url": "/services/data/v57.0/sobjects/etcTask__c/a05010000043acDAAQ"
			},
			"Code__c": "05",
			"Id": "a05010000043acDAAQ",
			"IsActive__c": true,
			"Key__c": "05",
			"Level__c": 1,
			"Name": "Validate [Electron Application Tester] Installed",
			"Order__c": 5,
			"Parent__c": null
		}
	],
	"total": 13
}