{
	"fetched": 14,
	"records": [
		{
			"attributes": {
				"type": "etcTask__c",
				"url": "/services/data/v57.0/sobjects/etcTask__c/a058N000000PEPvQAO"
			},
			"Code__c": "01",
			"Id": "a058N000000PEPvQAO",
			"IsActive__c": true,
			"Key__c": "01",
			"Level__c": 1,
			"Name": "TASK-Level1",
			"Order__c": 1,
			"Parent__c": null
		},
		{
			"attributes": {
				"type": "etcTask__c",
				"url": "/services/data/v57.0/sobjects/etcTask__c/a058N000000PEPwQAO"
			},
			"Code__c": "01-01",
			"Id": "a058N000000PEPwQAO",
			"IsActive__c": true,
			"Key__c": "a058N000000PEPvQAO-01",
			"Level__c": 2,
			"Name": "TASK-Level2",
			"Order__c": 1,
			"Parent__c": "a058N000000PEPvQAO"
		},
		{
			"attributes": {
				"type": "etcTask__c",
				"url": "/services/data/v57.0/sobjects/etcTask__c/a058N000000PEPxQAO"
			},
			"Code__c": "01-01-01",
			"Id": "a058N000000PEPxQAO",
			"IsActive__c": true,
			"Key__c": "a058N000000PEPwQAO-01",
			"Level__c": 3,
			"Name": "TASK-Level3",
			"Order__c": 1,
			"Parent__c": "a058N000000PEPwQAO"
		},
		{
			"attributes": {
				"type": "etcTask__c",
				"url": "/services/data/v57.0/sobjects/etcTask__c/a058N000000PEPyQAO"
			},
			"Code__c": "01-01-01-01",
			"Id": "a058N000000PEPyQAO",
			"IsActive__c": true,
			"Key__c": "a058N000000PEPxQAO-01",
			"Level__c": 4,
			"Name": "TASK-Level4",
			"Order__c": 1,
			"Parent__c": "a058N000000PEPxQAO"
		},
		{
			"attributes": {
				"type": "etcTask__c",
				"url": "/services/data/v57.0/sobjects/etcTask__c/a058N000000PEPzQAO"
			},
			"Code__c": "02",
			"Id": "a058N000000PEPzQAO",
			"IsActive__c": true,
			"Key__c": "02",
			"Level__c": 1,
			"Name": "Clear Screen",
			"Order__c": 2,
			"Parent__c": null
		},
		{
			"attributes": {
				"type": "etcTask__c",
				"url": "/services/data/v57.0/sobjects/etcTask__c/a058N000000PEQ0QAO"
			},
			"Code__c": "03",
			"Id": "a058N000000PEQ0QAO",
			"IsActive__c": true,
			"Key__c": "03",
			"Level__c": 1,
			"Name": "Manual Tests",
			"Order__c": 3,
			"Parent__c": null
		},
		{
			"attributes": {
				"type": "etcTask__c",
				"url": "/services/data/v57.0/sobjects/etcTask__c/a058N000000PEQ1QAO"
			},
			"Code__c": "03-01",
			"Id": "a058N000000PEQ1QAO",
			"IsActive__c": true,
			"Key__c": "a058N000000PEQ0QAO-01",
			"Level__c": 2,
			"Name": "MS Office",
			"Order__c": 1,
			"Parent__c": "a058N000000PEQ0QAO"
		},
		{
			"attributes": {
				"type": "etcTask__c",
				"url": "/services/data/v57.0/sobjects/etcTask__c/a058N000000PEQ2QAO"
			},
			"Code__c": "04",
			"Id": "a058N000000PEQ2QAO",
			"IsActive__c": true,
			"Key__c": "04",
			"Level__c": 1,
			"Name": "Automated Tests",
			"Order__c": 4,
			"Parent__c": null
		},
		{
			"attributes": {
				"type": "etcTask__c",
				"url": "/services/data/v57.0/sobjects/etcTask__c/a058N000000PEQ3QAO"
			},
			"Code__c": "04-01",
			"Id": "a058N000000PEQ3QAO",
			"IsActive__c": true,
			"Key__c": "a058N000000PEQ2QAO-01",
			"Level__c": 2,
			"Name": "SFDX Developer",
			"Order__c": 1,
			"Parent__c": "a058N000000PEQ2QAO"
		},
		{
			"attributes": {
				"type": "etcTask__c",
				"url": "/services/data/v57.0/sobjects/etcTask__c/a058N000000PEQ4QAO"
			},
			"Code__c": "04-02",
			"Id": "a058N000000PEQ4QAO",
			"IsActive__c": true,
			"Key__c": "a058N000000PEQ2QAO-02",
			"Level__c": 2,
			"Name": "Other Developments",
			"Order__c": 2,
			"Parent__c": "a058N000000PEQ2QAO"
		},
		{
			"attributes": {
				"type": "etcTask__c",
				"url": "/services/data/v57.0/sobjects/etcTask__c/a058N000000PEQ5QAO"
			},
			"Code__c": "04-03",
			"Id": "a058N000000PEQ5QAO",
			"IsActive__c": true,
			"Key__c": "a058N000000PEQ2QAO-03",
			"Level__c": 2,
			"Name": "Data files",
			"Order__c": 3,
			"Parent__c": "a058N000000PEQ2QAO"
		},
		{
			"attributes": {
				"type": "etcTask__c",
				"url": "/services/data/v57.0/sobjects/etcTask__c/a058N000000PEQ6QAO"
			},
			"Code__c": "04-04",
			"Id": "a058N000000PEQ6QAO",
			"IsActive__c": true,
			"Key__c": "a058N000000PEQ2QAO-04",
			"Level__c": 2,
			"Name": "Logout",
			"Order__c": 4,
			"Parent__c": "a058N000000PEQ2QAO"
		},
		{
			"attributes": {
				"type": "etcTask__c",
				"url": "/services/data/v57.0/sobjects/etcTask__c/a058N000000PEQ7QAO"
			},
			"Code__c": "04-05",
			"Id": "a058N000000PEQ7QAO",
			"IsActive__c": true,
			"Key__c": "a058N000000PEQ2QAO-05",
			"Level__c": 2,
			"Name": "Saleforce Fonts",
			"Order__c": 5,
			"Parent__c": "a058N000000PEQ2QAO"
		},
		{
			"attributes": {
				"type": "etcTask__c",
				"url": "/services/data/v57.0/sobjects/etcTask__c/a058N000000PEQ8QAO"
			},
			"Code__c": "05",
			"Id": "a058N000000PEQ8QAO",
			"IsActive__c": true,
			"Key__c": "05",
			"Level__c": 1,
			"Name": "Validate [Electron Application Tester] Installed",
			"Order__c": 5,
			"Parent__c": null
		}
	],
	"total": 14
}