{
	"fetched": 69,
	"records": [
		{
			"attributes": {
				"type": "etcTest__c",
				"url": "/services/data/v57.0/sobjects/etcTest__c/a067e00000C7P4DAAV"
			},
			"AppName__c": "TEST",
			"Code__c": "01-01-01-01-#01",
			"Command__c": null,
			"Expected__c": null,
			"Id": "a067e00000C7P4DAAV",
			"IsActive__c": true,
			"Key__c": "a057e000007mnfgAAA-01",
			"Operation__c": "Clear",
			"Order__c": 1,
			"Parent__c": "a057e000007mnfgAAA"
		},
		{
			"attributes": {
				"type": "etcTest__c",
				"url": "/services/data/v57.0/sobjects/etcTest__c/a067e00000C7P4EAAV"
			},
			"AppName__c": "Clear Screen",
			"Code__c": "02-#01",
			"Command__c": null,
			"Expected__c": null,
			"Id": "a067e00000C7P4EAAV",
			"IsActive__c": true,
			"Key__c": "a057e000007mnfhAAA-01",
			"Operation__c": "Clear",
			"Order__c": 1,
			"Parent__c": "a057e000007mnfhAAA"
		},
		{
			"attributes": {
				"type": "etcTest__c",
				"url": "/services/data/v57.0/sobjects/etcTest__c/a067e00000C7P4FAAV"
			},
			"AppName__c": "Say Hi",
			"Code__c": "02-#02",
			"Command__c": "Application Tester built by Andres Perez (ELTORO.IT)",
			"Expected__c": null,
			"Id": "a067e00000C7P4FAAV",
			"IsActive__c": true,
			"Key__c": "a057e000007mnfhAAA-02",
			"Operation__c": "Write",
			"Order__c": 2,
			"Parent__c": "a057e000007mnfhAAA"
		},
		{
			"attributes": {
				"type": "etcTest__c",
				"url": "/services/data/v57.0/sobjects/etcTest__c/a067e00000C7P4GAAV"
			},
			"AppName__c": "Header",
			"Code__c": "03-#01",
			"Command__c": "=== === === MANUAL CHECKS === === ===",
			"Expected__c": null,
			"Id": "a067e00000C7P4GAAV",
			"IsActive__c": true,
			"Key__c": "a057e000007mnfiAAA-01",
			"Operation__c": "Write",
			"Order__c": 1,
			"Parent__c": "a057e000007mnfiAAA"
		},
		{
			"attributes": {
				"type": "etcTest__c",
				"url": "/services/data/v57.0/sobjects/etcTest__c/a067e00000C7P4HAAV"
			},
			"AppName__c": "Sticker",
			"Code__c": "03-#02",
			"Command__c": "Sticker with computer number?",
			"Expected__c": null,
			"Id": "a067e00000C7P4HAAV",
			"IsActive__c": true,
			"Key__c": "a057e000007mnfiAAA-02",
			"Operation__c": "Manual",
			"Order__c": 2,
			"Parent__c": "a057e000007mnfiAAA"
		},
		{
			"attributes": {
				"type": "etcTest__c",
				"url": "/services/data/v57.0/sobjects/etcTest__c/a067e00000C7P4IAAV"
			},
			"AppName__c": "Desktop Image",
			"Code__c": "03-#03",
			"Command__c": "Computer background image?",
			"Expected__c": null,
			"Id": "a067e00000C7P4IAAV",
			"IsActive__c": true,
			"Key__c": "a057e000007mnfiAAA-03",
			"Operation__c": "Manual",
			"Order__c": 3,
			"Parent__c": "a057e000007mnfiAAA"
		},
		{
			"attributes": {
				"type": "etcTest__c",
				"url": "/services/data/v57.0/sobjects/etcTest__c/a067e00000C7P4JAAV"
			},
			"AppName__c": "Desktop: Notepad++",
			"Code__c": "03-#04",
			"Command__c": "C:\\Users\\Administrator\\Desktop\\Notepad++.lnk",
			"Expected__c": null,
			"Id": "a067e00000C7P4JAAV",
			"IsActive__c": true,
			"Key__c": "a057e000007mnfiAAA-04",
			"Operation__c": "Manual Application",
			"Order__c": 4,
			"Parent__c": "a057e000007mnfiAAA"
		},
		{
			"attributes": {
				"type": "etcTest__c",
				"url": "/services/data/v57.0/sobjects/etcTest__c/a067e00000C7P4KAAV"
			},
			"AppName__c": "Firefox + Salesforce is homepage",
			"Code__c": "03-#05",
			"Command__c": "C:\\Users\\Administrator\\Desktop\\Firefox.lnk",
			"Expected__c": null,
			"Id": "a067e00000C7P4KAAV",
			"IsActive__c": true,
			"Key__c": "a057e000007mnfiAAA-05",
			"Operation__c": "Manual Application",
			"Order__c": 5,
			"Parent__c": "a057e000007mnfiAAA"
		},
		{
			"attributes": {
				"type": "etcTest__c",
				"url": "/services/data/v57.0/sobjects/etcTest__c/a067e00000C7P4LAAV"
			},
			"AppName__c": "Chrome + Salesforce is homepage",
			"Code__c": "03-#06",
			"Command__c": "C:\\Users\\Administrator\\Desktop\\Google Chrome.lnk",
			"Expected__c": null,
			"Id": "a067e00000C7P4LAAV",
			"IsActive__c": true,
			"Key__c": "a057e000007mnfiAAA-06",
			"Operation__c": "Manual Application",
			"Order__c": 6,
			"Parent__c": "a057e000007mnfiAAA"
		},
		{
			"attributes": {
				"type": "etcTest__c",
				"url": "/services/data/v57.0/sobjects/etcTest__c/a067e00000C7P4MAAV"
			},
			"AppName__c": "Chrome: Plugin",
			"Code__c": "03-#07",
			"Command__c": "Chrome Plugin to split screen",
			"Expected__c": null,
			"Id": "a067e00000C7P4MAAV",
			"IsActive__c": true,
			"Key__c": "a057e000007mnfiAAA-07",
			"Operation__c": "Manual",
			"Order__c": 7,
			"Parent__c": "a057e000007mnfiAAA"
		},
		{
			"attributes": {
				"type": "etcTest__c",
				"url": "/services/data/v57.0/sobjects/etcTest__c/a067e00000C7P4NAAV"
			},
			"AppName__c": "Eclipse IDE",
			"Code__c": "03-#08",
			"Command__c": "C:\\Users\\Administrator\\Desktop\\Eclipse IDE for Java Developers - 2022-06.lnk",
			"Expected__c": null,
			"Id": "a067e00000C7P4NAAV",
			"IsActive__c": false,
			"Key__c": "a057e000007mnfiAAA-08",
			"Operation__c": "Manual Application",
			"Order__c": 8,
			"Parent__c": "a057e000007mnfiAAA"
		},
		{
			"attributes": {
				"type": "etcTest__c",
				"url": "/services/data/v57.0/sobjects/etcTest__c/a067e00000C7P4OAAV"
			},
			"AppName__c": "VS Code (Wait for the extensions update)",
			"Code__c": "03-#09",
			"Command__c": "C:\\Users\\Administrator\\Desktop\\Visual Studio Code.lnk",
			"Expected__c": null,
			"Id": "a067e00000C7P4OAAV",
			"IsActive__c": true,
			"Key__c": "a057e000007mnfiAAA-09",
			"Operation__c": "Manual Application",
			"Order__c": 9,
			"Parent__c": "a057e000007mnfiAAA"
		},
		{
			"attributes": {
				"type": "etcTest__c",
				"url": "/services/data/v57.0/sobjects/etcTest__c/a067e00000C7P4PAAV"
			},
			"AppName__c": "Postman",
			"Code__c": "03-#10",
			"Command__c": "C:\\Users\\Administrator\\Desktop\\Postman.lnk",
			"Expected__c": null,
			"Id": "a067e00000C7P4PAAV",
			"IsActive__c": true,
			"Key__c": "a057e000007mnfiAAA-10",
			"Operation__c": "Manual Application",
			"Order__c": 10,
			"Parent__c": "a057e000007mnfiAAA"
		},
		{
			"attributes": {
				"type": "etcTest__c",
				"url": "/services/data/v57.0/sobjects/etcTest__c/a067e00000C7P4QAAV"
			},
			"AppName__c": "Desktop: Data Loader",
			"Code__c": "03-#11",
			"Command__c": "C:\\Users\\Administrator\\Desktop\\Dataloader.lnk",
			"Expected__c": null,
			"Id": "a067e00000C7P4QAAV",
			"IsActive__c": true,
			"Key__c": "a057e000007mnfiAAA-11",
			"Operation__c": "Manual Application",
			"Order__c": 11,
			"Parent__c": "a057e000007mnfiAAA"
		},
		{
			"attributes": {
				"type": "etcTest__c",
				"url": "/services/data/v57.0/sobjects/etcTest__c/a067e00000C7P4RAAV"
			},
			"AppName__c": "Powerpoint (MS Office)",
			"Code__c": "03-01-#01",
			"Command__c": "C:\\ProgramData\\Microsoft\\Windows\\Start Menu\\Programs\\PowerPoint 2016.lnk",
			"Expected__c": null,
			"Id": "a067e00000C7P4RAAV",
			"IsActive__c": true,
			"Key__c": "a057e000007mnfjAAA-01",
			"Operation__c": "Manual Application",
			"Order__c": 1,
			"Parent__c": "a057e000007mnfjAAA"
		},
		{
			"attributes": {
				"type": "etcTest__c",
				"url": "/services/data/v57.0/sobjects/etcTest__c/a067e00000C7P4SAAV"
			},
			"AppName__c": "Excel (MS Office)",
			"Code__c": "03-01-#02",
			"Command__c": "C:\\ProgramData\\Microsoft\\Windows\\Start Menu\\Programs\\Excel 2016.lnk",
			"Expected__c": null,
			"Id": "a067e00000C7P4SAAV",
			"IsActive__c": true,
			"Key__c": "a057e000007mnfjAAA-02",
			"Operation__c": "Manual Application",
			"Order__c": 2,
			"Parent__c": "a057e000007mnfjAAA"
		},
		{
			"attributes": {
				"type": "etcTest__c",
				"url": "/services/data/v57.0/sobjects/etcTest__c/a067e00000C7P4TAAV"
			},
			"AppName__c": "Word (MS Office)",
			"Code__c": "03-01-#03",
			"Command__c": "C:\\ProgramData\\Microsoft\\Windows\\Start Menu\\Programs\\Word 2016.lnk",
			"Expected__c": null,
			"Id": "a067e00000C7P4TAAV",
			"IsActive__c": true,
			"Key__c": "a057e000007mnfjAAA-03",
			"Operation__c": "Check Path",
			"Order__c": 3,
			"Parent__c": "a057e000007mnfjAAA"
		},
		{
			"attributes": {
				"type": "etcTest__c",
				"url": "/services/data/v57.0/sobjects/etcTest__c/a067e00000C7P4UAAV"
			},
			"AppName__c": "Header",
			"Code__c": "04-#01",
			"Command__c": "=== === === AUTOMATED CHECKS === === ===",
			"Expected__c": null,
			"Id": "a067e00000C7P4UAAV",
			"IsActive__c": true,
			"Key__c": "a057e000007mnfkAAA-01",
			"Operation__c": "Write",
			"Order__c": 1,
			"Parent__c": "a057e000007mnfkAAA"
		},
		{
			"attributes": {
				"type": "etcTest__c",
				"url": "/services/data/v57.0/sobjects/etcTest__c/a067e00000C7P4VAAV"
			},
			"AppName__c": "Chrome: Plugin Resize",
			"Code__c": "04-#02",
			"Command__c": "C:\\Users\\Administrator\\AppData\\Local\\Google\\Chrome\\User Data\\Default\\Extensions\\bkpenclhmiealbebdopglffmfdiilejc\\2.3.5_0\\package.json",
			"Expected__c": null,
			"Id": "a067e00000C7P4VAAV",
			"IsActive__c": true,
			"Key__c": "a057e000007mnfkAAA-02",
			"Operation__c": "Check Path",
			"Order__c": 2,
			"Parent__c": "a057e000007mnfkAAA"
		},
		{
			"attributes": {
				"type": "etcTest__c",
				"url": "/services/data/v57.0/sobjects/etcTest__c/a067e00000C7P4WAAV"
			},
			"AppName__c": "Check Java version",
			"Code__c": "04-#03",
			"Command__c": "java -version",
			"Expected__c": "java version \"17.0.6\" 2023-01-17 LTS",
			"Id": "a067e00000C7P4WAAV",
			"IsActive__c": true,
			"Key__c": "a057e000007mnfkAAA-03",
			"Operation__c": "Execute",
			"Order__c": 3,
			"Parent__c": "a057e000007mnfkAAA"
		},
		{
			"attributes": {
				"type": "etcTest__c",
				"url": "/services/data/v57.0/sobjects/etcTest__c/a067e00000C7P4XAAV"
			},
			"AppName__c": "Notepad",
			"Code__c": "04-#04",
			"Command__c": "C:\\Windows\\Notepad.exe",
			"Expected__c": null,
			"Id": "a067e00000C7P4XAAV",
			"IsActive__c": true,
			"Key__c": "a057e000007mnfkAAA-04",
			"Operation__c": "Check Path",
			"Order__c": 4,
			"Parent__c": "a057e000007mnfkAAA"
		},
		{
			"attributes": {
				"type": "etcTest__c",
				"url": "/services/data/v57.0/sobjects/etcTest__c/a067e00000C7P4YAAV"
			},
			"AppName__c": "SoapUI",
			"Code__c": "04-#05",
			"Command__c": "C:\\Program Files\\SmartBear\\SoapUI-5.7.0\\bin\\SoapUI-5.7.0.exe",
			"Expected__c": null,
			"Id": "a067e00000C7P4YAAV",
			"IsActive__c": true,
			"Key__c": "a057e000007mnfkAAA-05",
			"Operation__c": "Check Path",
			"Order__c": 5,
			"Parent__c": "a057e000007mnfkAAA"
		},
		{
			"attributes": {
				"type": "etcTest__c",
				"url": "/services/data/v57.0/sobjects/etcTest__c/a067e00000C7P4ZAAV"
			},
			"AppName__c": "Git config email",
			"Code__c": "04-#06",
			"Command__c": "git config --global user.email \"you@example.com\"",
			"Expected__c": null,
			"Id": "a067e00000C7P4ZAAV",
			"IsActive__c": true,
			"Key__c": "a057e000007mnfkAAA-06",
			"Operation__c": "Execute",
			"Order__c": 6,
			"Parent__c": "a057e000007mnfkAAA"
		},
		{
			"attributes": {
				"type": "etcTest__c",
				"url": "/services/data/v57.0/sobjects/etcTest__c/a067e00000C7P4aAAF"
			},
			"AppName__c": "Git config name",
			"Code__c": "04-#07",
			"Command__c": "git config --global user.name \"Your Name\"",
			"Expected__c": null,
			"Id": "a067e00000C7P4aAAF",
			"IsActive__c": true,
			"Key__c": "a057e000007mnfkAAA-07",
			"Operation__c": "Execute",
			"Order__c": 7,
			"Parent__c": "a057e000007mnfkAAA"
		},
		{
			"attributes": {
				"type": "etcTest__c",
				"url": "/services/data/v57.0/sobjects/etcTest__c/a067e00000C7P4bAAF"
			},
			"AppName__c": "7-Zip",
			"Code__c": "04-#08",
			"Command__c": "\"C:\\Program Files\\7-Zip\\7z.exe\"",
			"Expected__c": "7-Zip 22",
			"Id": "a067e00000C7P4bAAF",
			"IsActive__c": true,
			"Key__c": "a057e000007mnfkAAA-08",
			"Operation__c": "Execute",
			"Order__c": 8,
			"Parent__c": "a057e000007mnfkAAA"
		},
		{
			"attributes": {
				"type": "etcTest__c",
				"url": "/services/data/v57.0/sobjects/etcTest__c/a067e00000C7P4cAAF"
			},
			"AppName__c": "Node",
			"Code__c": "04-#09",
			"Command__c": "node --version",
			"Expected__c": "v18.15.0",
			"Id": "a067e00000C7P4cAAF",
			"IsActive__c": true,
			"Key__c": "a057e000007mnfkAAA-09",
			"Operation__c": "Execute",
			"Order__c": 9,
			"Parent__c": "a057e000007mnfkAAA"
		},
		{
			"attributes": {
				"type": "etcTest__c",
				"url": "/services/data/v57.0/sobjects/etcTest__c/a067e00000C7P4dAAF"
			},
			"AppName__c": "Checking all bookmarks",
			"Code__c": "04-#10",
			"Command__c": "[\r\n  {\r\n    \"id\": \"BM_1\",\r\n    \"title\": \"[BAR][Salesforce]\",\r\n    \"urlChrome\": \"https://www.salesforce.com/\",\r\n    \"urlFirefox\": \"https://www.salesforce.com/\",\r\n    \"urlExpected\": \"https://www.salesforce.com/\",\r\n    \"hasFF\": true,\r\n    \"hasChrome\": true,\r\n    \"checkFF\": true,\r\n    \"checkChrome\": true\r\n  },\r\n  {\r\n    \"id\": \"BM_2\",\r\n    \"title\": \"[BAR][Salesforce Login]\",\r\n    \"urlChrome\": \"https://login.salesforce.com/\",\r\n    \"urlFirefox\": \"https://login.salesforce.com/\",\r\n    \"urlExpected\": \"https://login.salesforce.com/\",\r\n    \"hasFF\": true,\r\n    \"hasChrome\": true,\r\n    \"checkFF\": true,\r\n    \"checkChrome\": true\r\n  },\r\n  {\r\n    \"id\": \"BM_3\",\r\n    \"title\": \"[BAR][MuleSoft]\",\r\n    \"urlChrome\": \"https://www.mulesoft.com/\",\r\n    \"urlFirefox\": \"https://www.mulesoft.com/\",\r\n    \"urlExpected\": \"https://www.mulesoft.com/\",\r\n    \"hasFF\": true,\r\n    \"hasChrome\": true,\r\n    \"checkFF\": true,\r\n    \"checkChrome\": true\r\n  },\r\n  {\r\n    \"id\": \"BM_4\",\r\n    \"title\": \"[BAR][Tableau]\",\r\n    \"urlChrome\": \"https://www.tableau.com/\",\r\n    \"urlFirefox\": \"https://www.tableau.com/\",\r\n    \"urlExpected\": \"https://www.tableau.com/\",\r\n    \"hasFF\": true,\r\n    \"hasChrome\": true,\r\n    \"checkFF\": true,\r\n    \"checkChrome\": true\r\n  },\r\n  {\r\n    \"id\": \"BM_5\",\r\n    \"title\": \"[BAR][HOW Survey]\",\r\n    \"urlChrome\": \"https://www.surveymonkey.com/r/TDX23HOW\",\r\n    \"urlFirefox\": \"https://www.surveymonkey.com/r/TDX23HOW\",\r\n    \"urlExpected\": \"https://www.surveymonkey.com/r/TDX23HOW\",\r\n    \"hasFF\": true,\r\n    \"hasChrome\": true,\r\n    \"checkFF\": true,\r\n    \"checkChrome\": true\r\n  },\r\n  {\r\n    \"id\": \"BM_6\",\r\n    \"title\": \"[BAR][TrailblazerDX 2023]\",\r\n    \"urlChrome\": \"https://www.salesforce.com/trailblazerdx\",\r\n    \"urlFirefox\": \"https://www.salesforce.com/trailblazerdx\",\r\n    \"urlExpected\": \"https://www.salesforce.com/trailblazerdx\",\r\n    \"hasFF\": true,\r\n    \"hasChrome\": true,\r\n    \"checkFF\": true,\r\n    \"checkChrome\": true\r\n  }\r\n]",
			"Expected__c": null,
			"Id": "a067e00000C7P4dAAF",
			"IsActive__c": true,
			"Key__c": "a057e000007mnfkAAA-10",
			"Operation__c": "Bookmark",
			"Order__c": 10,
			"Parent__c": "a057e000007mnfkAAA"
		},
		{
			"attributes": {
				"type": "etcTest__c",
				"url": "/services/data/v57.0/sobjects/etcTest__c/a067e00000C7P4eAAF"
			},
			"AppName__c": "Clone and execute LWC_HOW",
			"Code__c": "04-#11",
			"Command__c": "{\"path\": \"C:\\\\TH\\\\PCTesterScript\\\\scripts\\\\LWC_HOW.bat\", \"app\": \"start\", \"args\": [\"cmd\", \"/k\", \"LWC_HOW.bat\"], \"cwd\": \"C:\\\\TH\\\\PCTesterScript\\\\scripts\"}",
			"Expected__c": "VS Code Opened LWC project",
			"Id": "a067e00000C7P4eAAF",
			"IsActive__c": true,
			"Key__c": "a057e000007mnfkAAA-11",
			"Operation__c": "Manual Application",
			"Order__c": 11,
			"Parent__c": "a057e000007mnfkAAA"
		},
		{
			"attributes": {
				"type": "etcTest__c",
				"url": "/services/data/v57.0/sobjects/etcTest__c/a067e00000C7P4fAAF"
			},
			"AppName__c": "Java (Oracle)",
			"Code__c": "04-01-#01",
			"Command__c": "C:\\Program Files\\Java\\jdk-17\\bin\\java.exe*",
			"Expected__c": null,
			"Id": "a067e00000C7P4fAAF",
			"IsActive__c": true,
			"Key__c": "a057e000007mnflAAA-01",
			"Operation__c": "Check Path",
			"Order__c": 1,
			"Parent__c": "a057e000007mnflAAA"
		},
		{
			"attributes": {
				"type": "etcTest__c",
				"url": "/services/data/v57.0/sobjects/etcTest__c/a067e00000C7P4gAAF"
			},
			"AppName__c": "SFDX Update",
			"Code__c": "04-01-#02",
			"Command__c": "sfdx update",
			"Expected__c": "sfdx-cli: Updat",
			"Id": "a067e00000C7P4gAAF",
			"IsActive__c": true,
			"Key__c": "a057e000007mnflAAA-02",
			"Operation__c": "Execute",
			"Order__c": 2,
			"Parent__c": "a057e000007mnflAAA"
		},
		{
			"attributes": {
				"type": "etcTest__c",
				"url": "/services/data/v57.0/sobjects/etcTest__c/a067e00000C7P4hAAF"
			},
			"AppName__c": "VS Code Version",
			"Code__c": "04-01-#03",
			"Command__c": "code --version",
			"Expected__c": "1.",
			"Id": "a067e00000C7P4hAAF",
			"IsActive__c": true,
			"Key__c": "a057e000007mnflAAA-03",
			"Operation__c": "Execute",
			"Order__c": 3,
			"Parent__c": "a057e000007mnflAAA"
		},
		{
			"attributes": {
				"type": "etcTest__c",
				"url": "/services/data/v57.0/sobjects/etcTest__c/a067e00000C7P4iAAF"
			},
			"AppName__c": "VS Code Plugin (1)",
			"Code__c": "04-01-#04",
			"Command__c": "C:\\Users\\Administrator\\.vscode\\extensions\\salesforce.salesforcedx-vscode-57.6.*",
			"Expected__c": null,
			"Id": "a067e00000C7P4iAAF",
			"IsActive__c": true,
			"Key__c": "a057e000007mnflAAA-04",
			"Operation__c": "Check Path",
			"Order__c": 4,
			"Parent__c": "a057e000007mnflAAA"
		},
		{
			"attributes": {
				"type": "etcTest__c",
				"url": "/services/data/v57.0/sobjects/etcTest__c/a067e00000C7P4jAAF"
			},
			"AppName__c": "VS Code Plugin (2)",
			"Code__c": "04-01-#05",
			"Command__c": "C:\\Users\\Administrator\\.vscode\\extensions\\salesforce.salesforcedx-vscode-apex-57.6.*",
			"Expected__c": null,
			"Id": "a067e00000C7P4jAAF",
			"IsActive__c": true,
			"Key__c": "a057e000007mnflAAA-05",
			"Operation__c": "Check Path",
			"Order__c": 5,
			"Parent__c": "a057e000007mnflAAA"
		},
		{
			"attributes": {
				"type": "etcTest__c",
				"url": "/services/data/v57.0/sobjects/etcTest__c/a067e00000C7P4kAAF"
			},
			"AppName__c": "VS Code Plugin (3)",
			"Code__c": "04-01-#06",
			"Command__c": "C:\\Users\\Administrator\\.vscode\\extensions\\salesforce.salesforcedx-vscode-apex-debugger-57.6.*",
			"Expected__c": null,
			"Id": "a067e00000C7P4kAAF",
			"IsActive__c": true,
			"Key__c": "a057e000007mnflAAA-06",
			"Operation__c": "Check Path",
			"Order__c": 6,
			"Parent__c": "a057e000007mnflAAA"
		},
		{
			"attributes": {
				"type": "etcTest__c",
				"url": "/services/data/v57.0/sobjects/etcTest__c/a067e00000C7P4lAAF"
			},
			"AppName__c": "VS Code Plugin (4)",
			"Code__c": "04-01-#07",
			"Command__c": "C:\\Users\\Administrator\\.vscode\\extensions\\salesforce.salesforcedx-vscode-core-57.6.*",
			"Expected__c": null,
			"Id": "a067e00000C7P4lAAF",
			"IsActive__c": true,
			"Key__c": "a057e000007mnflAAA-07",
			"Operation__c": "Check Path",
			"Order__c": 7,
			"Parent__c": "a057e000007mnflAAA"
		},
		{
			"attributes": {
				"type": "etcTest__c",
				"url": "/services/data/v57.0/sobjects/etcTest__c/a067e00000C7P4mAAF"
			},
			"AppName__c": "VS Code Plugin (5)",
			"Code__c": "04-01-#08",
			"Command__c": "C:\\Users\\Administrator\\.vscode\\extensions\\salesforce.salesforcedx-vscode-lightning-57.6.*",
			"Expected__c": null,
			"Id": "a067e00000C7P4mAAF",
			"IsActive__c": true,
			"Key__c": "a057e000007mnflAAA-08",
			"Operation__c": "Check Path",
			"Order__c": 8,
			"Parent__c": "a057e000007mnflAAA"
		},
		{
			"attributes": {
				"type": "etcTest__c",
				"url": "/services/data/v57.0/sobjects/etcTest__c/a067e00000C7P4nAAF"
			},
			"AppName__c": "VS Code Plugin (6)",
			"Code__c": "04-01-#09",
			"Command__c": "C:\\Users\\Administrator\\.vscode\\extensions\\salesforce.salesforcedx-vscode-visualforce-57.6.*",
			"Expected__c": null,
			"Id": "a067e00000C7P4nAAF",
			"IsActive__c": true,
			"Key__c": "a057e000007mnflAAA-09",
			"Operation__c": "Check Path",
			"Order__c": 9,
			"Parent__c": "a057e000007mnflAAA"
		},
		{
			"attributes": {
				"type": "etcTest__c",
				"url": "/services/data/v57.0/sobjects/etcTest__c/a067e00000C7P4oAAF"
			},
			"AppName__c": "VS Code Plugin (7)",
			"Code__c": "04-01-#10",
			"Command__c": "C:\\Users\\Administrator\\.vscode\\extensions\\salesforce.salesforcedx-vscode-apex-replay-debugger-57.6.*",
			"Expected__c": null,
			"Id": "a067e00000C7P4oAAF",
			"IsActive__c": true,
			"Key__c": "a057e000007mnflAAA-10",
			"Operation__c": "Check Path",
			"Order__c": 10,
			"Parent__c": "a057e000007mnflAAA"
		},
		{
			"attributes": {
				"type": "etcTest__c",
				"url": "/services/data/v57.0/sobjects/etcTest__c/a067e00000C7P4pAAF"
			},
			"AppName__c": "VS Code Plugin (8)",
			"Code__c": "04-01-#11",
			"Command__c": "C:\\Users\\Administrator\\.vscode\\extensions\\salesforce.salesforcedx-vscode-lwc-57.6.*",
			"Expected__c": null,
			"Id": "a067e00000C7P4pAAF",
			"IsActive__c": true,
			"Key__c": "a057e000007mnflAAA-11",
			"Operation__c": "Check Path",
			"Order__c": 11,
			"Parent__c": "a057e000007mnflAAA"
		},
		{
			"attributes": {
				"type": "etcTest__c",
				"url": "/services/data/v57.0/sobjects/etcTest__c/a067e00000C7P4qAAF"
			},
			"AppName__c": "VS Code Plugin (9)",
			"Code__c": "04-01-#12",
			"Command__c": "C:\\Users\\Administrator\\.vscode\\extensions\\dbaeumer.vscode-eslint-2.4.0*",
			"Expected__c": null,
			"Id": "a067e00000C7P4qAAF",
			"IsActive__c": true,
			"Key__c": "a057e000007mnflAAA-12",
			"Operation__c": "Check Path",
			"Order__c": 12,
			"Parent__c": "a057e000007mnflAAA"
		},
		{
			"attributes": {
				"type": "etcTest__c",
				"url": "/services/data/v57.0/sobjects/etcTest__c/a067e00000C7P4rAAF"
			},
			"AppName__c": "VS Code Plugin (10)",
			"Code__c": "04-01-#13",
			"Command__c": "C:\\Users\\Administrator\\.vscode\\extensions\\eamodio.gitlens-12.*",
			"Expected__c": null,
			"Id": "a067e00000C7P4rAAF",
			"IsActive__c": true,
			"Key__c": "a057e000007mnflAAA-13",
			"Operation__c": "Check Path",
			"Order__c": 13,
			"Parent__c": "a057e000007mnflAAA"
		},
		{
			"attributes": {
				"type": "etcTest__c",
				"url": "/services/data/v57.0/sobjects/etcTest__c/a067e00000C7P4sAAF"
			},
			"AppName__c": "VS Code Plugin (11)",
			"Code__c": "04-01-#14",
			"Command__c": "C:\\Users\\Administrator\\.vscode\\extensions\\mhutchie.git-graph-1.30*",
			"Expected__c": null,
			"Id": "a067e00000C7P4sAAF",
			"IsActive__c": true,
			"Key__c": "a057e000007mnflAAA-14",
			"Operation__c": "Check Path",
			"Order__c": 14,
			"Parent__c": "a057e000007mnflAAA"
		},
		{
			"attributes": {
				"type": "etcTest__c",
				"url": "/services/data/v57.0/sobjects/etcTest__c/a067e00000C7P4tAAF"
			},
			"AppName__c": "SFDX (Shell)",
			"Code__c": "04-01-#15",
			"Command__c": null,
			"Expected__c": null,
			"Id": "a067e00000C7P4tAAF",
			"IsActive__c": true,
			"Key__c": "a057e000007mnflAAA-15",
			"Operation__c": "JSON",
			"Order__c": 15,
			"Parent__c": "a057e000007mnflAAA"
		},
		{
			"attributes": {
				"type": "etcTest__c",
				"url": "/services/data/v57.0/sobjects/etcTest__c/a067e00000C7P4uAAF"
			},
			"AppName__c": "VSCode - Prettier - XCopy",
			"Code__c": "04-01-#16",
			"Command__c": "XCOPY /v /q /s /e /y \"C:\\TH\\PCTesterScript\\copy\\ext\\esbenp.prettier-vscode-3.6.0\" \"C:\\users\\student\\.vscode\\extensions\\esbenp.prettier-vscode-3.6.0\\\"",
			"Expected__c": "File(s) copied",
			"Id": "a067e00000C7P4uAAF",
			"IsActive__c": true,
			"Key__c": "a057e000007mnflAAA-16",
			"Operation__c": "Execute",
			"Order__c": 16,
			"Parent__c": "a057e000007mnflAAA"
		},
		{
			"attributes": {
				"type": "etcTest__c",
				"url": "/services/data/v57.0/sobjects/etcTest__c/a067e00000C7P4vAAF"
			},
			"AppName__c": "VSCode - XML - XCopy",
			"Code__c": "04-01-#17",
			"Command__c": "XCOPY /v /q /s /e /y \"C:\\TH\\PCTesterScript\\copy\\ext\\dotjoshjohnson.xml-2.5.0\" \"C:\\users\\student\\.vscode\\extensions\\dotjoshjohnson.xml-2.5.0\\\"",
			"Expected__c": "File(s) copied",
			"Id": "a067e00000C7P4vAAF",
			"IsActive__c": true,
			"Key__c": "a057e000007mnflAAA-17",
			"Operation__c": "Execute",
			"Order__c": 17,
			"Parent__c": "a057e000007mnflAAA"
		},
		{
			"attributes": {
				"type": "etcTest__c",
				"url": "/services/data/v57.0/sobjects/etcTest__c/a067e00000C7P4wAAF"
			},
			"AppName__c": "Git (Version)",
			"Code__c": "04-01-#18",
			"Command__c": "git --version",
			"Expected__c": "git version 2.40",
			"Id": "a067e00000C7P4wAAF",
			"IsActive__c": true,
			"Key__c": "a057e000007mnflAAA-18",
			"Operation__c": "Execute",
			"Order__c": 18,
			"Parent__c": "a057e000007mnflAAA"
		},
		{
			"attributes": {
				"type": "etcTest__c",
				"url": "/services/data/v57.0/sobjects/etcTest__c/a067e00000C7P4xAAF"
			},
			"AppName__c": "Check Curl version",
			"Code__c": "04-02-#01",
			"Command__c": "curl --version",
			"Expected__c": "curl 7.83.1 (Windows)",
			"Id": "a067e00000C7P4xAAF",
			"IsActive__c": true,
			"Key__c": "a057e000007mnfmAAA-01",
			"Operation__c": "Execute",
			"Order__c": 1,
			"Parent__c": "a057e000007mnfmAAA"
		},
		{
			"attributes": {
				"type": "etcTest__c",
				"url": "/services/data/v57.0/sobjects/etcTest__c/a067e00000C7P4yAAF"
			},
			"AppName__c": "Ruby",
			"Code__c": "04-02-#02",
			"Command__c": "ruby --version",
			"Expected__c": "ruby 2.4.3p205 (2017-12-14 revision 61247) [x64-mingw32]",
			"Id": "a067e00000C7P4yAAF",
			"IsActive__c": true,
			"Key__c": "a057e000007mnfmAAA-02",
			"Operation__c": "Execute",
			"Order__c": 2,
			"Parent__c": "a057e000007mnfmAAA"
		},
		{
			"attributes": {
				"type": "etcTest__c",
				"url": "/services/data/v57.0/sobjects/etcTest__c/a067e00000C7P4zAAF"
			},
			"AppName__c": "Travis",
			"Code__c": "04-02-#03",
			"Command__c": "travis version",
			"Expected__c": "1.8.8",
			"Id": "a067e00000C7P4zAAF",
			"IsActive__c": true,
			"Key__c": "a057e000007mnfmAAA-03",
			"Operation__c": "Execute",
			"Order__c": 3,
			"Parent__c": "a057e000007mnfmAAA"
		},
		{
			"attributes": {
				"type": "etcTest__c",
				"url": "/services/data/v57.0/sobjects/etcTest__c/a067e00000C7P50AAF"
			},
			"AppName__c": "Python",
			"Code__c": "04-02-#04",
			"Command__c": "python --version",
			"Expected__c": "Python 2.7.14",
			"Id": "a067e00000C7P50AAF",
			"IsActive__c": true,
			"Key__c": "a057e000007mnfmAAA-04",
			"Operation__c": "Execute",
			"Order__c": 4,
			"Parent__c": "a057e000007mnfmAAA"
		},
		{
			"attributes": {
				"type": "etcTest__c",
				"url": "/services/data/v57.0/sobjects/etcTest__c/a067e00000C7P51AAF"
			},
			"AppName__c": "B2C Commerce Cloud (ntoforall)",
			"Code__c": "04-03-#01",
			"Command__c": "C:\\Users\\Administrator\\Documents\\ntoforall*",
			"Expected__c": null,
			"Id": "a067e00000C7P51AAF",
			"IsActive__c": true,
			"Key__c": "a057e000007mnfnAAA-01",
			"Operation__c": "Check Path",
			"Order__c": 1,
			"Parent__c": "a057e000007mnfnAAA"
		},
		{
			"attributes": {
				"type": "etcTest__c",
				"url": "/services/data/v57.0/sobjects/etcTest__c/a067e00000C7P52AAF"
			},
			"AppName__c": "B2C Commerce Cloud (version.ini)",
			"Code__c": "04-03-#02",
			"Command__c": "C:\\Users\\Administrator\\tdxworkspace\\.metadata\\version.ini",
			"Expected__c": null,
			"Id": "a067e00000C7P52AAF",
			"IsActive__c": true,
			"Key__c": "a057e000007mnfnAAA-02",
			"Operation__c": "Check Path",
			"Order__c": 2,
			"Parent__c": "a057e000007mnfnAAA"
		},
		{
			"attributes": {
				"type": "etcTest__c",
				"url": "/services/data/v57.0/sobjects/etcTest__c/a067e00000C7P53AAF"
			},
			"AppName__c": "B2C Commerce Cloud (DigitalServerConnect)",
			"Code__c": "04-03-#03",
			"Command__c": "C:\\Users\\Administrator\\DigitalServerConnect*",
			"Expected__c": null,
			"Id": "a067e00000C7P53AAF",
			"IsActive__c": true,
			"Key__c": "a057e000007mnfnAAA-03",
			"Operation__c": "Check Path",
			"Order__c": 3,
			"Parent__c": "a057e000007mnfnAAA"
		},
		{
			"attributes": {
				"type": "etcTest__c",
				"url": "/services/data/v57.0/sobjects/etcTest__c/a067e00000C7P54AAF"
			},
			"AppName__c": "B2B files for TDX",
			"Code__c": "04-03-#04",
			"Command__c": "C:\\TDX22\\TDX-B2B-Exercise.zip",
			"Expected__c": null,
			"Id": "a067e00000C7P54AAF",
			"IsActive__c": true,
			"Key__c": "a057e000007mnfnAAA-04",
			"Operation__c": "Check Path",
			"Order__c": 4,
			"Parent__c": "a057e000007mnfnAAA"
		},
		{
			"attributes": {
				"type": "etcTest__c",
				"url": "/services/data/v57.0/sobjects/etcTest__c/a067e00000C7P55AAF"
			},
			"AppName__c": "Mulesoft spreadsheet",
			"Code__c": "04-03-#05",
			"Command__c": "C:\\Users\\Administrator\\Desktop\\Global Superstore.xlsx",
			"Expected__c": null,
			"Id": "a067e00000C7P55AAF",
			"IsActive__c": true,
			"Key__c": "a057e000007mnfnAAA-05",
			"Operation__c": "Check Path",
			"Order__c": 5,
			"Parent__c": "a057e000007mnfnAAA"
		},
		{
			"attributes": {
				"type": "etcTest__c",
				"url": "/services/data/v57.0/sobjects/etcTest__c/a067e00000C7P56AAF"
			},
			"AppName__c": "Logout SFDX",
			"Code__c": "04-04-#01",
			"Command__c": "{\"app\": \"sfdx\", \"args\": [\"force:auth:logout\", \"--all\", \"--noprompt\"]}",
			"Expected__c": "Org",
			"Id": "a067e00000C7P56AAF",
			"IsActive__c": true,
			"Key__c": "a057e000007mnfoAAA-01",
			"Operation__c": "Execute Async",
			"Order__c": 1,
			"Parent__c": "a057e000007mnfoAAA"
		},
		{
			"attributes": {
				"type": "etcTest__c",
				"url": "/services/data/v57.0/sobjects/etcTest__c/a067e00000C7P57AAF"
			},
			"AppName__c": "Logout Heroku",
			"Code__c": "04-04-#02",
			"Command__c": "heroku logout",
			"Expected__c": "Heroku Logout done",
			"Id": "a067e00000C7P57AAF",
			"IsActive__c": true,
			"Key__c": "a057e000007mnfoAAA-02",
			"Operation__c": "Execute",
			"Order__c": 2,
			"Parent__c": "a057e000007mnfoAAA"
		},
		{
			"attributes": {
				"type": "etcTest__c",
				"url": "/services/data/v57.0/sobjects/etcTest__c/a067e00000C7P58AAF"
			},
			"AppName__c": "SalesforceSans Font (1)",
			"Code__c": "04-05-#01",
			"Command__c": "C:\\Users\\Administrator\\AppData\\Local\\Microsoft\\Windows\\Fonts\\SalesforceSans-Bold.ttf",
			"Expected__c": null,
			"Id": "a067e00000C7P58AAF",
			"IsActive__c": true,
			"Key__c": "a057e000007mnfpAAA-01",
			"Operation__c": "Check Path",
			"Order__c": 1,
			"Parent__c": "a057e000007mnfpAAA"
		},
		{
			"attributes": {
				"type": "etcTest__c",
				"url": "/services/data/v57.0/sobjects/etcTest__c/a067e00000C7P59AAF"
			},
			"AppName__c": "SalesforceSans Font (2)",
			"Code__c": "04-05-#02",
			"Command__c": "C:\\Users\\Administrator\\AppData\\Local\\Microsoft\\Windows\\Fonts\\SalesforceSans-BoldItalic.ttf",
			"Expected__c": null,
			"Id": "a067e00000C7P59AAF",
			"IsActive__c": true,
			"Key__c": "a057e000007mnfpAAA-02",
			"Operation__c": "Check Path",
			"Order__c": 2,
			"Parent__c": "a057e000007mnfpAAA"
		},
		{
			"attributes": {
				"type": "etcTest__c",
				"url": "/services/data/v57.0/sobjects/etcTest__c/a067e00000C7P5AAAV"
			},
			"AppName__c": "SalesforceSans Font (2)",
			"Code__c": "04-05-#03",
			"Command__c": "C:\\Users\\Administrator\\AppData\\Local\\Microsoft\\Windows\\Fonts\\SalesforceSans-Book.ttf",
			"Expected__c": null,
			"Id": "a067e00000C7P5AAAV",
			"IsActive__c": true,
			"Key__c": "a057e000007mnfpAAA-03",
			"Operation__c": "Check Path",
			"Order__c": 3,
			"Parent__c": "a057e000007mnfpAAA"
		},
		{
			"attributes": {
				"type": "etcTest__c",
				"url": "/services/data/v57.0/sobjects/etcTest__c/a067e00000C7P5BAAV"
			},
			"AppName__c": "SalesforceSans Font (3)",
			"Code__c": "04-05-#04",
			"Command__c": "C:\\Users\\Administrator\\AppData\\Local\\Microsoft\\Windows\\Fonts\\SalesforceSans-Italic.ttf",
			"Expected__c": null,
			"Id": "a067e00000C7P5BAAV",
			"IsActive__c": true,
			"Key__c": "a057e000007mnfpAAA-04",
			"Operation__c": "Check Path",
			"Order__c": 4,
			"Parent__c": "a057e000007mnfpAAA"
		},
		{
			"attributes": {
				"type": "etcTest__c",
				"url": "/services/data/v57.0/sobjects/etcTest__c/a067e00000C7P5CAAV"
			},
			"AppName__c": "SalesforceSans Font (4)",
			"Code__c": "04-05-#05",
			"Command__c": "C:\\Users\\Administrator\\AppData\\Local\\Microsoft\\Windows\\Fonts\\SalesforceSans-Light.ttf",
			"Expected__c": null,
			"Id": "a067e00000C7P5CAAV",
			"IsActive__c": true,
			"Key__c": "a057e000007mnfpAAA-05",
			"Operation__c": "Check Path",
			"Order__c": 5,
			"Parent__c": "a057e000007mnfpAAA"
		},
		{
			"attributes": {
				"type": "etcTest__c",
				"url": "/services/data/v57.0/sobjects/etcTest__c/a067e00000C7P5DAAV"
			},
			"AppName__c": "SalesforceSans Font (5)",
			"Code__c": "04-05-#06",
			"Command__c": "C:\\Users\\Administrator\\AppData\\Local\\Microsoft\\Windows\\Fonts\\SalesforceSans-LightItalic.ttf",
			"Expected__c": null,
			"Id": "a067e00000C7P5DAAV",
			"IsActive__c": true,
			"Key__c": "a057e000007mnfpAAA-06",
			"Operation__c": "Check Path",
			"Order__c": 6,
			"Parent__c": "a057e000007mnfpAAA"
		},
		{
			"attributes": {
				"type": "etcTest__c",
				"url": "/services/data/v57.0/sobjects/etcTest__c/a067e00000C7P5EAAV"
			},
			"AppName__c": "SalesforceSans Font (6)",
			"Code__c": "04-05-#07",
			"Command__c": "C:\\Users\\Administrator\\AppData\\Local\\Microsoft\\Windows\\Fonts\\SalesforceSans-Regular.ttf",
			"Expected__c": null,
			"Id": "a067e00000C7P5EAAV",
			"IsActive__c": true,
			"Key__c": "a057e000007mnfpAAA-07",
			"Operation__c": "Check Path",
			"Order__c": 7,
			"Parent__c": "a057e000007mnfpAAA"
		},
		{
			"attributes": {
				"type": "etcTest__c",
				"url": "/services/data/v57.0/sobjects/etcTest__c/a067e00000C7P5FAAV"
			},
			"AppName__c": "SalesforceSans Font (5)",
			"Code__c": "04-05-#08",
			"Command__c": "C:\\Users\\Administrator\\AppData\\Local\\Microsoft\\Windows\\Fonts\\SalesforceSans-Semibold.ttf",
			"Expected__c": null,
			"Id": "a067e00000C7P5FAAV",
			"IsActive__c": true,
			"Key__c": "a057e000007mnfpAAA-08",
			"Operation__c": "Check Path",
			"Order__c": 8,
			"Parent__c": "a057e000007mnfpAAA"
		},
		{
			"attributes": {
				"type": "etcTest__c",
				"url": "/services/data/v57.0/sobjects/etcTest__c/a067e00000C7P5GAAV"
			},
			"AppName__c": "SalesforceSans Font (7)",
			"Code__c": "04-05-#09",
			"Command__c": "C:\\Users\\Administrator\\AppData\\Local\\Microsoft\\Windows\\Fonts\\SalesforceSans-Thin.ttf",
			"Expected__c": null,
			"Id": "a067e00000C7P5GAAV",
			"IsActive__c": true,
			"Key__c": "a057e000007mnfpAAA-09",
			"Operation__c": "Check Path",
			"Order__c": 9,
			"Parent__c": "a057e000007mnfpAAA"
		},
		{
			"attributes": {
				"type": "etcTest__c",
				"url": "/services/data/v57.0/sobjects/etcTest__c/a067e00000C7P5HAAV"
			},
			"AppName__c": "SalesforceSans Font (8)",
			"Code__c": "04-05-#10",
			"Command__c": "C:\\Users\\Administrator\\AppData\\Local\\Microsoft\\Windows\\Fonts\\SalesforceSans-ThinItalic.ttf",
			"Expected__c": null,
			"Id": "a067e00000C7P5HAAV",
			"IsActive__c": true,
			"Key__c": "a057e000007mnfpAAA-10",
			"Operation__c": "Check Path",
			"Order__c": 10,
			"Parent__c": "a057e000007mnfpAAA"
		},
		{
			"attributes": {
				"type": "etcTest__c",
				"url": "/services/data/v57.0/sobjects/etcTest__c/a067e00000C7P5IAAV"
			},
			"AppName__c": "Header",
			"Code__c": "05-#01",
			"Command__c": "=== === === INSTALL ET-EPL === === ===",
			"Expected__c": null,
			"Id": "a067e00000C7P5IAAV",
			"IsActive__c": true,
			"Key__c": "a057e000007mnfqAAA-01",
			"Operation__c": "Write",
			"Order__c": 1,
			"Parent__c": "a057e000007mnfqAAA"
		},
		{
			"attributes": {
				"type": "etcTest__c",
				"url": "/services/data/v57.0/sobjects/etcTest__c/a067e00000C7P5JAAV"
			},
			"AppName__c": "Configure Electron",
			"Code__c": "05-#02",
			"Command__c": null,
			"Expected__c": null,
			"Id": "a067e00000C7P5JAAV",
			"IsActive__c": true,
			"Key__c": "a057e000007mnfqAAA-02",
			"Operation__c": "JSON",
			"Order__c": 2,
			"Parent__c": "a057e000007mnfqAAA"
		}
	],
	"total": 69
}