{
	"fetched": 14,
	"records": [
		{
			"attributes": {
				"type": "etcTask__c",
				"url": "/services/data/v57.0/sobjects/etcTask__c/a057e000007mnfdAAA"
			},
			"Code__c": "01",
			"Id": "a057e000007mnfdAAA",
			"IsActive__c": true,
			"Key__c": "01",
			"Level__c": 1,
			"Name": "TASK-Level1",
			"Order__c": 1,
			"Parent__c": null
		},
		{
			"attributes": {
				"type": "etcTask__c",
				"url": "/services/data/v57.0/sobjects/etcTask__c/a057e000007mnfeAAA"
			},
			"Code__c": "01-01",
			"Id": "a057e000007mnfeAAA",
			"IsActive__c": true,
			"Key__c": "a057e000007mnfdAAA-01",
			"Level__c": 2,
			"Name": "TASK-Level2",
			"Order__c": 1,
			"Parent__c": "a057e000007mnfdAAA"
		},
		{
			"attributes": {
				"type": "etcTask__c",
				"url": "/services/data/v57.0/sobjects/etcTask__c/a057e000007mnffAAA"
			},
			"Code__c": "01-01-01",
			"Id": "a057e000007mnffAAA",
			"IsActive__c": true,
			"Key__c": "a057e000007mnfeAAA-01",
			"Level__c": 3,
			"Name": "TASK-Level3",
			"Order__c": 1,
			"Parent__c": "a057e000007mnfeAAA"
		},
		{
			"attributes": {
				"type": "etcTask__c",
				"url": "/services/data/v57.0/sobjects/etcTask__c/a057e000007mnfgAAA"
			},
			"Code__c": "01-01-01-01",
			"Id": "a057e000007mnfgAAA",
			"IsActive__c": true,
			"Key__c": "a057e000007mnffAAA-01",
			"Level__c": 4,
			"Name": "TASK-Level4",
			"Order__c": 1,
			"Parent__c": "a057e000007mnffAAA"
		},
		{
			"attributes": {
				"type": "etcTask__c",
				"url": "/services/data/v57.0/sobjects/etcTask__c/a057e000007mnfhAAA"
			},
			"Code__c": "02",
			"Id": "a057e000007mnfhAAA",
			"IsActive__c": true,
			"Key__c": "02",
			"Level__c": 1,
			"Name": "Clear Screen",
			"Order__c": 2,
			"Parent__c": null
		},
		{
			"attributes": {
				"type": "etcTask__c",
				"url": "/services/data/v57.0/sobjects/etcTask__c/a057e000007mnfiAAA"
			},
			"Code__c": "03",
			"Id": "a057e000007mnfiAAA",
			"IsActive__c": true,
			"Key__c": "03",
			"Level__c": 1,
			"Name": "Manual Tests",
			"Order__c": 3,
			"Parent__c": null
		},
		{
			"attributes": {
				"type": "etcTask__c",
				"url": "/services/data/v57.0/sobjects/etcTask__c/a057e000007mnfjAAA"
			},
			"Code__c": "03-01",
			"Id": "a057e000007mnfjAAA",
			"IsActive__c": false,
			"Key__c": "a057e000007mnfiAAA-01",
			"Level__c": 2,
			"Name": "MS Office",
			"Order__c": 1,
			"Parent__c": "a057e000007mnfiAAA"
		},
		{
			"attributes": {
				"type": "etcTask__c",
				"url": "/services/data/v57.0/sobjects/etcTask__c/a057e000007mnfkAAA"
			},
			"Code__c": "04",
			"Id": "a057e000007mnfkAAA",
			"IsActive__c": true,
			"Key__c": "04",
			"Level__c": 1,
			"Name": "Automated Tests",
			"Order__c": 4,
			"Parent__c": null
		},
		{
			"attributes": {
				"type": "etcTask__c",
				"url": "/services/data/v57.0/sobjects/etcTask__c/a057e000007mnflAAA"
			},
			"Code__c": "04-01",
			"Id": "a057e000007mnflAAA",
			"IsActive__c": true,
			"Key__c": "a057e000007mnfkAAA-01",
			"Level__c": 2,
			"Name": "SFDX Developer",
			"Order__c": 1,
			"Parent__c": "a057e000007mnfkAAA"
		},
		{
			"attributes": {
				"type": "etcTask__c",
				"url": "/services/data/v57.0/sobjects/etcTask__c/a057e000007mnfmAAA"
			},
			"Code__c": "04-02",
			"Id": "a057e000007mnfmAAA",
			"IsActive__c": true,
			"Key__c": "a057e000007mnfkAAA-02",
			"Level__c": 2,
			"Name": "Other Developments",
			"Order__c": 2,
			"Parent__c": "a057e000007mnfkAAA"
		},
		{
			"attributes": {
				"type": "etcTask__c",
				"url": "/services/data/v57.0/sobjects/etcTask__c/a057e000007mnfnAAA"
			},
			"Code__c": "04-03",
			"Id": "a057e000007mnfnAAA",
			"IsActive__c": true,
			"Key__c": "a057e000007mnfkAAA-03",
			"Level__c": 2,
			"Name": "Data files",
			"Order__c": 3,
			"Parent__c": "a057e000007mnfkAAA"
		},
		{
			"attributes": {
				"type": "etcTask__c",
				"url": "/services/data/v57.0/sobjects/etcTask__c/a057e000007mnfoAAA"
			},
			"Code__c": "04-04",
			"Id": "a057e000007mnfoAAA",
			"IsActive__c": true,
			"Key__c": "a057e000007mnfkAAA-04",
			"Level__c": 2,
			"Name": "Logout",
			"Order__c": 4,
			"Parent__c": "a057e000007mnfkAAA"
		},
		{
			"attributes": {
				"type": "etcTask__c",
				"url": "/services/data/v57.0/sobjects/etcTask__c/a057e000007mnfpAAA"
			},
			"Code__c": "04-05",
			"Id": "a057e000007mnfpAAA",
			"IsActive__c": true,
			"Key__c": "a057e000007mnfkAAA-05",
			"Level__c": 2,
			"Name": "Saleforce Fonts",
			"Order__c": 5,
			"Parent__c": "a057e000007mnfkAAA"
		},
		{
			"attributes": {
				"type": "etcTask__c",
				"url": "/services/data/v57.0/sobjects/etcTask__c/a057e000007mnfqAAA"
			},
			"Code__c": "05",
			"Id": "a057e000007mnfqAAA",
			"IsActive__c": true,
			"Key__c": "05",
			"Level__c": 1,
			"Name": "Validate [Electron Application Tester] Installed",
			"Order__c": 5,
			"Parent__c": null
		}
	],
	"total": 14
}